한글(국가명),영문(블룸버그),1차접종,2차접종,발생률순위,2차접종률순위,확진자비율(인구),일별접종수,치명(%),완치(%),발생률,인구수,치료중합계,치료중1일,위중증합계,위중증1일,확진자합계,확진자1일,사망자합계,사망자1일,완치합계,완치1일,백신접종수,백신보유율(인구)
미국,U.S.,69.7,59.1,17.0,70.0,0.14826979437092183,11.3,1.6,79.2,148270,331002651,9416669.0,5573.0,12438.0,26778.0,49077695,26778.0,799312,174.0,38861714.0,21031.0,454447740.0,136.9
인도,India,57.1,31.5,108.0,112.0,0.025052473293409136,-999.0,1.4,98.3,25052,1380004385,105691.0,-1328.0,8944.0,8774.0,34572523,8774.0,468554,621.0,33998278.0,9481.0,1222098400.0,89.4
브라질,Brazil,77.3,61.1,41.0,62.5,0.10386207918513439,5.8,2.8,96.4,103862,212559417,174346.0,3520.0,8318.0,9233.0,22076863,9233.0,614236,236.0,21288281.0,5477.0,297960450.0,141.8
영국,U.K.,76.2,69.3,16.0,37.0,0.14893212682654164,21.5,1.4,88.5,148932,67886011,1013851.0,27.0,925.0,39567.0,10110408,39567.0,144724,131.0,8951833.0,39409.0,114304730.0,171.1
러시아,Russia,44.9,37.8,75.0,98.5,0.06557993820541169,2.8,2.8,86.4,65580,145934462,1029507.0,1678.0,2300.0,33548.0,9570373,33548.0,272755,1224.0,8268111.0,30646.0,125544770.0,85.6
터키,Turkey,67.6,60.5,42.0,64.0,0.10344435040999446,16.3,0.9,94.7,103444,84339067,389564.0,-1536.0,1405.0,23759.0,8724400,23759.0,76233,192.0,8258603.0,25103.0,120058424.0,144.4
프랑스,France,80.0,79.1,28.0,12.0,0.11625542863781298,10.2,1.6,93.5,116255,65273511,370916.0,28671.0,1563.0,37218.0,7588400,37218.0,118871,34.0,7098613.0,8513.0,103994536.0,160.4
이란,Iran,68.0,54.4,68.0,75.0,0.07273089077989153,0.9,2.1,96.0,72731,83992949,116005.0,-6481.0,3347.0,3781.0,6108882,3781.0,129629,80.0,5863248.0,10182.0,102145230.0,122.7
독일,Germany,71.0,68.4,73.0,39.0,0.0686881860965673,9.6,1.8,83.8,68743,83783942,829899.0,19749.0,4202.0,40481.0,5754967,40481.0,101368,132.0,4823700.0,20600.0,121165530.0,145.8
아르헨티나,Argentina,81.0,64.7,27.0,52.0,0.11783314077108183,3.5,2.2,97.4,117833,45195774,19536.0,160.0,593.0,1521.0,5325560,1521.0,116517,12.0,5189507.0,1349.0,67104576.0,149.3
스페인,Spain,82.4,80.8,38.0,8.0,0.1097430512877208,9.8,1.7,95.8,109743,46754778,128771.0,,597.0,,5131012,,87955,,4914286.0,,76026520.0,163.5
콜롬비아,Colombia,71.5,47.8,44.0,80.0,0.09950647261768204,-999.0,2.5,96.8,99506,50882891,31552.0,-60.0,342.0,2620.0,5063177,2620.0,128394,51.0,4903231.0,2629.0,55791640.0,110.8
이탈리아,Italy,78.0,76.7,63.0,20.0,0.08261230813637682,9.2,2.7,93.7,82612,60461826,178946.0,6328.0,624.0,12869.0,4994891,12869.0,133627,90.0,4682318.0,6451.0,95412570.0,158.1
인도네시아,Indonesia,51.5,34.9,114.0,104.0,0.015559665661774762,-999.0,3.4,96.4,15560,273523615,8214.0,-12.0,,264.0,4255936,264.0,143808,1.0,4103914.0,275.0,232869970.0,87.2
멕시코,Mexico,59.7,50.7,101.0,79.0,0.03011486150458604,-999.0,7.6,83.4,30115,128932753,350375.0,671.0,4798.0,2956.0,3882792,2956.0,293859,245.0,3238558.0,2040.0,132097390.0,103.5
폴란드,Poland,54.6,53.6,49.0,76.0,0.09268539262339764,6.5,2.4,85.5,92685,37846611,424479.0,-1681.0,1816.0,20574.0,3507828,20574.0,83037,51.0,3000312.0,22204.0,41398988.0,109.0
우크라이나,Ukraine,31.7,25.9,65.0,121.0,0.07824671017325242,-999.0,2.5,85.0,78247,43733762,426669.0,-3187.0,177.0,7483.0,3422023,7483.0,85117,400.0,2910237.0,10270.0,24194260.0,58.0
필리핀,Philippines,41.5,40.9,106.0,94.0,0.025842116647182462,-999.0,1.7,97.7,25842,109581078,16630.0,-422.0,1023.0,630.0,2831807,630.0,48361,156.0,2766816.0,896.0,78528360.0,73.2
말레이시아,Malaysia,78.8,76.8,64.0,18.5,0.08093607739405788,5.8,1.2,96.3,80936,32365999,67252.0,-295.0,510.0,5097.0,2619577,5097.0,30280,40.0,2522045.0,5352.0,53185336.0,163.2
네덜란드,Netherlands,76.7,73.5,15.0,30.0,0.15171277614446144,-999.0,0.7,,151713,17134872,,,546.0,22133.0,2599579,22133.0,19317,45.0,,,24487880.0,142.1
페루,Peru,65.3,52.2,74.0,78.0,0.06771681689479761,1.3,9.0,,67717,32971854,,,954.0,3008.0,2232749,3008.0,201071,84.0,,,40591156.0,122.4
체코,Czech Republic,62.1,59.4,7.0,68.0,0.19825032839258935,7.2,1.5,85.9,198250,10708981,267434.0,-297.0,948.0,12785.0,2123059,12785.0,32837,93.0,1822788.0,12989.0,13358175.0,125.4
태국,Thailand,68.0,57.7,100.0,73.0,0.030183576848691843,4.6,1.0,95.3,30184,69799978,79252.0,-530.0,1595.0,5854.0,2106813,5854.0,20705,30.0,2006856.0,6354.0,91658056.0,131.6
이라크,Iraq,18.5,11.4,85.0,142.0,0.05170296132564434,-999.0,1.1,98.2,51703,40222493,13530.0,-804.0,109.0,538.0,2079622,538.0,23793,21.0,2042299.0,1321.0,11715365.0,30.0
캐나다,Canada,79.9,76.9,91.0,16.5,0.047277481831058184,-999.0,1.7,96.9,47277,37742154,26396.0,1369.0,480.0,2183.0,1784354,2183.0,29628,10.0,1728330.0,804.0,60351980.0,160.8
루마니아,Romania,39.5,37.7,50.0,100.0,0.09236810176439574,-999.0,3.2,94.5,92368,19237691,40732.0,-3487.0,1212.0,1377.0,1776949,1377.0,56275,106.0,1679942.0,4758.0,14783340.0,76.2
칠레,Chile,88.0,83.9,52.0,5.0,0.09191559557257219,42.6,2.2,93.9,92037,19116201,68623.0,,674.0,,1757077,,38282,,1650172.0,,40421676.0,211.6
일본,Japan,79.0,76.8,118.0,18.5,0.013658699700650227,-999.0,1.1,98.9,13659,126476461,725.0,-61.0,47.0,72.0,1727504,72.0,18370,,1708409.0,133.0,196576400.0,155.8
벨기에,Belgium,77.0,75.7,19.0,25.0,0.14682384405428892,11.9,1.6,76.8,146824,11589623,367639.0,,669.0,,1701633,,26840,,1307154.0,,18447990.0,161.0
방글라데시,Bangladesh,34.2,21.4,124.0,129.0,0.009568218492870302,-999.0,1.8,97.7,9568,164689383,7489.0,-97.0,1384.0,205.0,1575784,205.0,27978,3.0,1540317.0,299.0,93786660.0,56.3
이스라엘,Israel,73.1,66.6,13.0,44.0,0.1550315491763363,44.9,0.6,98.9,155032,8655535,6651.0,338.0,128.0,340.0,1341881,340.0,8184,2.0,1327046.0,,16148161.0,178.4
파키스탄,Pakistan,39.0,24.3,132.0,124.0,0.005813642066537934,-999.0,2.2,96.7,5814,220892340,13719.0,126.0,946.0,303.0,1284189,303.0,28709,5.0,1241761.0,172.0,122319220.0,59.7
세르비아,Serbia,46.8,44.5,20.0,86.0,0.1431086078409627,20.6,0.9,94.8,143109,8737371,53260.0,-2930.0,209.0,1674.0,1250393,1674.0,11588,51.0,1185545.0,4553.0,7779147.0,111.7
베트남,Vietnam,70.3,46.8,119.0,83.5,0.012434329866270187,-999.0,2.1,79.2,12434,97338579,226822.0,11034.0,6096.0,12936.0,1210340,12936.0,24882,190.0,958636.0,1712.0,112944630.0,117.1
스웨덴,Sweden,70.8,68.0,26.0,42.0,0.11870646032161747,-999.0,1.3,,118706,10099265,,,32.0,,1198848,,15113,,,,15644748.0,151.5
오스트리아,Austria,70.9,66.4,24.0,46.0,0.1269412033534383,17.8,1.1,85.9,126941,9006398,148603.0,-3668.0,620.0,10478.0,1143283,10478.0,12388,39.0,982292.0,14107.0,13412688.0,151.4
포르투갈,Portugal,88.3,86.9,34.0,4.0,0.11178214461156046,-999.0,1.6,93.9,112066,10196709,51689.0,809.0,104.0,3364.0,1139810,3364.0,18405,12.0,1069716.0,2543.0,16339507.0,159.0
헝가리,Hungary,62.3,59.6,36.0,67.0,0.11064691127682627,19.8,3.2,80.7,110647,9660351,172488.0,,695.0,,1068888,,33866,,862534.0,,13598032.0,139.1
스위스,Switzerland,68.2,66.4,32.0,46.0,0.11349889111274877,-999.0,1.2,87.2,113499,8654622,114160.0,-1800.0,179.0,,982290,,11488,2.0,856642.0,1798.0,11667889.0,136.5
카자흐스탄,Kazakhstan,46.6,43.1,86.0,88.0,0.05166465024990804,-999.0,1.3,96.3,51665,18776707,23439.0,-48.0,528.0,847.0,970092,847.0,12667,16.0,933986.0,879.0,16766179.0,90.0
쿠바,Cuba,89.5,80.4,59.0,10.0,0.0849386083186717,-999.0,0.9,99.0,84952,11326616,1028.0,-49.0,30.0,183.0,962067,183.0,8300,1.0,952739.0,231.0,27961410.0,246.7
모로코,Morocco,68.8,68.1,107.0,41.0,0.025728355245761645,-999.0,1.6,98.1,25728,36910560,2991.0,-56.0,347.0,116.0,949648,116.0,14774,1.0,931883.0,171.0,48719196.0,136.9
요르단,Jordan,40.8,37.8,51.0,98.5,0.09205926335966969,-999.0,1.2,93.5,92059,10203134,49622.0,,1037.0,,939293,,11515,,878156.0,,7912083.0,78.6
그리스,Greece,65.3,61.2,56.0,60.5,0.0883314045960042,11.0,1.9,89.2,88331,10423054,81542.0,-1322.0,641.0,5859.0,920683,5859.0,17861,82.0,821280.0,7099.0,14132796.0,131.8
조지아,Georgia,30.7,26.6,5.0,119.0,0.2102291029681134,-999.0,1.4,92.9,210229,3989167,47202.0,-1775.0,,3333.0,838639,3333.0,11927,56.0,779510.0,5052.0,2133935.0,57.3
네팔,Nepal,32.4,28.1,103.0,115.0,0.028173230231671224,-999.0,1.4,97.7,28173,29136808,6966.0,-190.0,,154.0,820878,154.0,11523,2.0,802389.0,342.0,17196376.0,60.4
아랍에미레이트,UAE,91.2,82.2,67.0,6.0,0.07501393775500732,27.1,0.3,99.3,75014,9890402,2994.0,-20.0,,60.0,741918,60.0,2146,1.0,736778.0,79.0,21817896.0,203.0
튀니지,Tunisia,60.6,43.0,77.0,90.0,0.06068077835489916,3.1,3.5,96.3,60681,11818619,1093.0,38.0,58.0,175.0,717163,175.0,25363,1.0,690707.0,136.0,11393466.0,96.7
불가리아,Bulgaria,26.4,25.2,45.0,123.0,0.09910533939608071,-999.0,4.1,80.7,99105,6948445,105142.0,24.0,783.0,1218.0,688628,1218.0,28043,47.0,555443.0,1147.0,3290556.0,47.3
슬로바키아,Slovakia,48.0,43.0,25.0,90.0,0.12234520138866248,-999.0,2.1,81.7,122345,5459642,107815.0,1725.0,545.0,7575.0,667961,7575.0,14274,46.0,545872.0,5804.0,5240923.0,96.2
레바논,Lebanon,29.4,26.9,46.0,118.0,0.0976885756166814,-999.0,1.3,94.7,97689,6825445,26773.0,852.0,186.0,1515.0,666768,1515.0,8701,8.0,631294.0,655.0,3858764.0,56.3
벨라루스,Belarus,36.0,27.0,72.0,117.0,0.0689826138867303,-999.0,0.8,98.0,68983,9449323,7941.0,-533.0,,1671.0,651839,1671.0,5054,13.0,638844.0,2191.0,5975709.0,63.1
과테말라,Guatemala,33.4,22.5,96.0,127.0,0.03446695075478489,-999.0,2.6,97.1,34467,17915568,1752.0,-68.0,5.0,458.0,617495,458.0,15917,19.0,599826.0,507.0,9880710.0,56.1
크로아티아,Croatia,53.1,47.2,18.0,82.0,0.14696145220274345,-999.0,1.8,92.5,146961,4105267,34326.0,-405.0,330.0,8841.0,603316,8841.0,10759,115.0,558231.0,9131.0,4073744.0,100.1
아제르바이잔,Azerbaijan,50.8,45.6,82.0,85.0,0.057774215796804806,8.1,1.3,94.2,57774,10139177,26252.0,-747.0,,1662.0,585783,1662.0,7807,18.0,551724.0,2391.0,10426930.0,104.5
코스타리카,Costa Rica,76.1,62.0,35.0,59.0,0.11121846804490984,0.6,1.3,96.0,111218,5094118,15398.0,,92.0,,566560,,7287,,543875.0,,7034279.0,138.6
스리랑카,Sri Lanka,73.0,63.0,105.0,55.0,0.02625991039472805,-999.0,2.5,94.2,26260,21413249,18343.0,283.0,,732.0,562310,732.0,14305,27.0,529662.0,422.0,29650996.0,136.0
아일랜드,Ireland,77.8,76.5,33.0,22.0,0.11342208836105898,13.5,1.0,78.0,113422,4937786,117756.0,1184.0,117.0,3735.0,560054,3735.0,5652,,436646.0,2551.0,8067138.0,163.0
사우디아라비아,Saudi Arabia,72.1,65.6,113.0,49.0,0.015789539749831324,-999.0,1.6,98.0,15790,34813871,2006.0,-9.0,48.0,24.0,549695,24.0,8833,1.0,538856.0,32.0,47304264.0,138.8
볼리비아,Bolivia,42.0,34.2,92.0,107.0,0.045842031809931634,3.1,3.6,91.7,45842,11673021,25457.0,,220.0,,535115,,19137,,490521.0,,8517323.0,73.7
에콰도르,Ecuador,77.5,62.8,102.0,56.5,0.02972455902475841,1.6,6.3,84.6,29725,17643054,47424.0,,759.0,,524432,,33128,,443880.0,,24512438.0,142.0
미얀마,Myanmar,29.1,19.8,123.0,130.0,0.009579358865498495,-999.0,3.7,95.0,9579,54409800,6724.0,-167.0,,505.0,521211,505.0,19079,12.0,495408.0,660.0,25869176.0,49.0
덴마크,Denmark,78.4,76.6,62.0,21.0,0.08268478896281586,12.5,0.6,84.2,82685,5792202,72937.0,4281.0,51.0,4290.0,478927,4290.0,2872,9.0,403118.0,,9681985.0,166.8
파나마,Panama,72.7,68.2,37.0,40.0,0.11062150053525485,4.1,1.5,97.9,110622,4314767,2660.0,-4.0,20.0,210.0,477306,210.0,7361,1.0,467285.0,213.0,5944438.0,140.9
리투아니아,Lithuania,67.0,63.8,8.0,54.0,0.171877416394806,9.9,1.4,92.4,171877,2722289,29024.0,995.0,131.0,1292.0,467900,1292.0,6692,20.0,432184.0,277.0,3670008.0,131.9
파라과이,Paraguay,45.8,36.9,76.0,101.0,0.06490088100476997,1.2,3.6,96.3,64901,7132538,859.0,-51.0,42.0,53.0,462908,53.0,16461,2.0,445588.0,102.0,5921882.0,82.8
대한민국,South Korea,82.0,78.8,127.0,13.0,0.008599629582565044,4.8,0.8,89.0,8600,51269185,45037.0,1702.0,647.0,3928.0,440896,3928.0,3548,56.0,392311.0,2170.0,84150240.0,162.7
베네수엘라,Venezuela,49.8,33.3,115.0,110.0,0.015123326325769432,-999.0,1.2,97.0,15123,28435940,7778.0,-225.0,681.0,686.0,430046,686.0,5131,7.0,417137.0,904.0,23156914.0,83.2
슬로베니아,Slovenia,59.3,55.3,6.0,74.0,0.20076404394936262,13.1,1.2,89.4,200764,2078938,39204.0,-890.0,197.0,1478.0,417376,1478.0,5188,23.0,372984.0,2345.0,2642406.0,127.8
쿠웨이트,Kuwait,30.6,19.4,47.0,132.0,0.09677066603037393,-999.0,0.6,99.3,96771,4270571,226.0,-8.0,,21.0,413266,21.0,2465,,410575.0,29.0,2668082.0,56.2
우루과이,Uruguay,78.8,75.4,30.0,27.0,0.1149142276457871,39.1,1.5,97.9,114914,3473730,2144.0,97.0,13.0,291.0,399181,291.0,6125,1.0,390912.0,193.0,6781682.0,192.7
몽골,Mongolia,68.5,65.2,29.0,50.0,0.11620234939556903,-999.0,0.5,82.2,116202,3278290,65699.0,324.0,192.0,329.0,380945,329.0,1990,5.0,313256.0,,4959860.0,150.4
온두라스,Honduras,40.8,40.2,95.0,96.0,0.03815275053316098,-999.0,2.8,31.8,38153,9904607,247177.0,,59.0,,377888,,10403,,120308.0,,7916340.0,81.0
리비아,Libya,25.3,9.6,83.0,145.0,0.05407585647648215,-999.0,1.5,92.0,54076,6871292,24410.0,-1944.0,,784.0,371571,784.0,5438,8.0,341723.0,2720.0,2291638.0,34.8
에티오피아,Ethiopia,6.8,1.5,149.0,170.5,0.003228648361253304,-999.0,1.8,93.8,3229,114963588,16142.0,-101.0,226.0,119.0,371177,119.0,6736,9.0,348299.0,211.0,8005606.0,8.3
몰도바,Moldova,35.9,34.6,54.0,105.0,0.08981887042593102,-999.0,2.5,95.5,89819,4033963,7205.0,-375.0,205.0,498.0,362326,498.0,9054,32.0,346067.0,841.0,1607196.0,59.9
이집트,Egypt,23.8,14.1,144.0,137.0,0.003476514115428864,-999.0,5.7,83.0,3477,102334404,40028.0,332.0,90.0,931.0,355767,931.0,20305,68.0,295434.0,531.0,36906764.0,37.2
아르메니아,Armenia,24.9,12.5,31.0,139.0,0.11404093420620584,-999.0,2.2,93.3,114041,2963243,15291.0,-726.0,,409.0,337931,409.0,7514,29.0,315126.0,1106.0,1110891.0,37.4
오만,Oman,78.9,67.4,78.0,43.0,0.059632132840744555,-999.0,1.4,98.5,59632,5106626,455.0,,7.0,,304519,,4113,,299951.0,,5934585.0,141.5
바레인,Bahrain,80.0,78.0,12.0,15.0,0.1631147613240674,-999.0,0.5,99.4,163115,1701575,269.0,-8.0,2.0,16.0,277552,16.0,1394,,275889.0,24.0,2899607.0,195.4
싱가포르,Singapore,88.9,87.9,93.0,3.0,0.04472148807710729,-999.0,0.3,94.1,44721,5850342,14684.0,-142.0,58.0,1761.0,261636,1761.0,690,6.0,246262.0,1897.0,10083329.0,176.8
노르웨이,Norway,79.1,71.3,90.0,35.0,0.04781193088445985,9.5,0.4,34.3,47812,5421241,169198.0,1891.0,62.0,1891.0,259200,1891.0,1050,,88952.0,,8563552.0,159.9
케냐,Kenya,9.3,5.5,137.0,152.0,0.004741395855513693,-999.0,2.1,97.3,4741,53771296,1488.0,1.0,20.0,47.0,254951,47.0,5332,,248131.0,46.0,6915627.0,14.5
라트비아,Latvia,66.0,61.2,22.0,60.5,0.13382105166053618,-999.0,1.6,93.7,133821,1886198,11689.0,-265.0,176.0,488.0,252413,488.0,4146,16.0,236578.0,737.0,2177752.0,113.4
카타르,Qatar,84.4,79.4,60.0,11.0,0.08438997824753658,-999.0,0.3,98.9,84390,2881053,1994.0,25.0,17.0,153.0,243132,153.0,611,,240527.0,128.0,4957916.0,177.4
에스토니아,Estonia,62.3,59.2,11.0,69.0,0.1670133091098237,-999.0,0.8,90.7,167013,1326535,18911.0,-295.0,38.0,389.0,221549,389.0,1791,2.0,200847.0,682.0,1656161.0,125.0
북마케도니아,North Macedonia,42.6,38.0,43.0,97.0,0.10304246861101271,3.0,3.5,92.6,103042,2083374,8393.0,110.0,,463.0,214676,463.0,7528,17.0,198755.0,336.0,1675793.0,80.6
나이지리아,Nigeria,3.1,1.7,164.0,167.0,0.0010380441769484658,-999.0,1.4,96.8,1038,206139589,3823.0,-12.0,11.0,58.0,213982,58.0,2975,,207184.0,70.0,9640048.0,4.8
잠비아,Zambia,4.4,3.6,120.0,157.0,0.011430782984401344,-999.0,1.7,98.2,11431,18383955,90.0,-10.0,15.0,5.0,210143,5.0,3667,,206386.0,15.0,1057879.0,5.8
알제리,Algeria,15.4,12.2,136.0,140.0,0.004788483485136637,-999.0,2.9,68.6,4788,43851044,59899.0,30.0,21.0,163.0,209980,163.0,6052,6.0,144029.0,127.0,12032500.0,27.7
호주,Australia,78.2,73.1,129.0,31.0,0.008157056714454073,1.6,1.0,91.6,8157,25499884,15444.0,484.0,73.0,1260.0,208004,1260.0,1994,4.0,190566.0,772.0,39073840.0,153.1
알바니아,Albania,37.2,33.2,70.0,111.0,0.06919772311945561,2.1,1.5,94.7,69198,2877797,7459.0,-151.0,23.0,405.0,199137,405.0,3085,8.0,188593.0,548.0,2081782.0,72.5
보츠와나,Botswana,42.8,19.7,61.0,131.0,0.08288261701366756,-999.0,1.2,98.5,82883,2351627,532.0,,1.0,,194909,,2416,,191961.0,,1352557.0,56.9
우즈베키스탄,Uzbekistan,51.4,17.7,133.0,135.0,0.005761445828273831,-999.0,0.7,98.2,5761,33469203,1986.0,41.0,23.0,232.0,192831,232.0,1397,2.0,189448.0,189.0,32803308.0,98.6
키르기스스탄,Kyrgyzstan,17.2,13.8,104.0,138.0,0.02808744986929422,-999.0,1.5,97.2,28087,6524195,2459.0,-75.0,131.0,108.0,183248,108.0,2741,4.0,178048.0,179.0,1986976.0,31.1
핀란드,Finland,77.6,75.7,98.0,25.0,0.032898973418617077,-999.0,0.7,25.2,32899,5540720,134975.0,,44.0,,182284,,1309,,46000.0,,8554604.0,155.0
아프가니스탄,Afghanistan,11.5,9.3,141.0,147.0,0.004038650910059215,-999.0,4.6,89.3,4039,38928346,9446.0,15.0,1124.0,28.0,157218,28.0,7308,,140464.0,13.0,5116767.0,13.8
몬테네그로,Montenegro,43.7,40.7,1.0,95.0,0.2493495906481166,-999.0,1.5,96.7,249350,628066,2858.0,-74.0,60.0,340.0,156608,340.0,2283,2.0,151467.0,412.0,528111.0,84.8
모잠비크,Mozambique,20.2,11.1,135.0,143.0,0.004847636898990528,-999.0,1.3,98.7,4848,31255435,104.0,,8.0,,151515,,1940,,149471.0,,9843638.0,31.6
짐바브웨,Zimbabwe,25.2,18.7,125.0,133.0,0.009012425818768904,-999.0,3.5,96.0,9012,14862924,600.0,95.0,12.0,115.0,133951,115.0,4705,1.0,128646.0,19.0,6544331.0,43.9
키프로스,Cyprus,70.7,66.4,39.0,46.0,0.10888393592957853,11.1,0.4,94.6,108884,1207359,6501.0,,37.0,,131462,,591,,124370.0,,1298388.0,148.2
가나,Ghana,8.8,2.8,139.0,159.5,0.004213312290372266,-999.0,0.9,98.6,4213,31072940,669.0,,5.0,,130920,,1209,,129042.0,,3493688.0,11.6
나미비아,Namibia,14.4,12.0,88.0,141.0,0.0508401534099071,-999.0,2.8,97.1,50840,2540905,124.0,10.0,2.0,29.0,129180,29.0,3573,1.0,125483.0,18.0,649840.0,26.4
우간다,Uganda,9.6,2.3,151.0,163.0,0.002786361918092446,-999.0,2.6,76.8,2786,45741007,26352.0,-390.0,127.0,28.0,127451,28.0,3252,,97847.0,418.0,4835777.0,12.1
캄보디아,Cambodia,85.6,80.5,131.0,9.0,0.007182681463834634,13.4,2.4,97.0,7183,16718965,690.0,-1.0,,23.0,120087,23.0,2931,4.0,116466.0,20.0,28564676.0,173.2
엘살바도르,El Salvador,68.4,62.5,110.0,58.0,0.018334141458680384,10.1,3.2,85.8,18334,6486205,13133.0,-52.0,344.0,878.0,118919,878.0,3769,5.0,102017.0,925.0,9121715.0,141.3
코소보,Kosovo,47.3,42.1,79.0,93.0,0.059380942885880576,-999.0,2.1,98.0,59381,1810463,-85.0,,,,107507,,2269,,105323.0,,1609325.0,89.4
카메룬,Cameroon,3.0,2.2,142.0,164.0,0.004022999741993696,-999.0,1.7,96.2,4023,26545863,2287.0,,152.0,,106794,,1791,,102716.0,,923643.0,3.6
르완다,Rwanda,46.9,24.2,130.0,125.0,0.007745777595775488,-999.0,1.3,45.4,7746,12952218,53462.0,13.0,1.0,14.0,100325,14.0,1342,1.0,45521.0,,8748557.0,70.6
중국,Mainland China,87.5,76.9,176.0,16.5,6.853913042008971e-05,-999.0,4.7,94.5,69,1439323776,804.0,-5.0,,42.0,98650,42.0,4636,,93210.0,47.0,2472847000.0,176.6
몰디브,Maldives,106.3,97.5,10.0,2.0,0.1689964184229221,2.1,0.3,97.8,168996,540544,1807.0,-29.0,23.0,76.0,91350,76.0,248,,89295.0,105.0,766159.0,206.0
자메이카,Jamaica,24.2,18.5,99.0,134.0,0.030772327261515478,-999.0,2.6,68.4,30772,2961167,26390.0,-3.0,11.0,96.0,91122,96.0,2385,9.0,62347.0,90.0,1095662.0,40.2
룩셈부르크,Luxembourg,72.3,68.8,21.0,38.0,0.1407525504091198,7.9,1.0,94.5,140753,625978,3984.0,,10.0,,88108,,866,,83258.0,,895374.0,145.8
세네갈,Senegal,8.1,5.7,138.0,151.0,0.00441861697079783,-999.0,2.5,97.4,4419,16743927,13.0,1.0,2.0,4.0,73985,4.0,1885,,72087.0,3.0,1908088.0,11.7
라오스,Laos,52.3,43.3,122.0,87.0,0.009829896255408518,-999.0,0.2,10.3,9830,7275560,64020.0,2674.0,,2686.0,71518,2686.0,159,12.0,7339.0,,5830021.0,81.4
앙골라,Angola,20.8,9.2,157.0,148.0,0.001981940635068072,-999.0,2.7,97.0,1982,32866272,214.0,,3.0,9.0,65139,9.0,1733,,63192.0,9.0,9026310.0,30.0
말라위,Malawi,5.4,2.9,148.0,158.0,0.0032351884625742918,-999.0,3.7,94.9,3235,19129952,822.0,3.0,67.0,3.0,61889,3.0,2304,,58763.0,,1390496.0,6.9
코트디부아르,Ivory Coast,10.2,4.5,154.0,154.0,0.0023391977807190874,-999.0,1.1,98.3,2339,26378274,316.0,-2.0,,18.0,61704,18.0,704,,60684.0,20.0,3845788.0,14.6
콩고민주공화국,DR Congo,0.1,0.1,170.0,177.0,0.0006488844307184424,-999.0,1.9,87.6,649,89561403,6081.0,,,,58115,,1104,,50930.0,,186749.0,0.2
피지,Fiji,70.8,64.8,80.0,51.0,0.058557970650737076,-999.0,1.3,97.1,58558,896445,807.0,,,,52494,,696,,50991.0,,1213236.0,135.6
수리남,Suriname,43.0,36.4,58.0,102.0,0.08649545200398205,-999.0,2.3,58.3,86495,586632,20010.0,28.0,10.0,31.0,50741,31.0,1164,2.0,29567.0,1.0,473832.0,79.4
에스와티니,Eswatini,24.2,22.4,94.0,128.0,0.040104674856313416,-999.0,2.7,97.2,40105,1160164,42.0,4.0,10.0,4.0,46528,4.0,1248,,45238.0,,293353.0,26.3
마다가스카르,Madagascar,1.8,1.6,160.0,168.5,0.0015915630115151418,-999.0,2.2,93.8,1592,27691018,1783.0,,3.0,,44072,,967,,41322.0,,625884.0,2.3
수단,Sudan,5.3,1.3,165.0,172.0,0.0009591039848791063,-999.0,7.4,78.2,959,43849260,6037.0,,,,42056,,3114,,32905.0,,2698219.0,6.2
모리타니,Mauritania,26.1,16.6,128.0,136.0,0.008412446678874017,-999.0,2.1,95.4,8412,4649658,958.0,14.0,14.0,80.0,39115,80.0,831,2.0,37326.0,64.0,1734046.0,42.7
카보베르데,Cape Verde,55.2,43.0,71.0,90.0,0.06899082172784615,-999.0,0.9,98.9,68991,555987,72.0,-1.0,23.0,5.0,38358,5.0,349,,37937.0,6.0,539908.0,98.2
가이아나,Guyana,50.6,34.5,89.0,106.0,0.04793961492692155,-999.0,2.6,93.5,47940,786552,1480.0,24.0,16.0,44.0,37707,44.0,986,1.0,35241.0,19.0,668046.0,85.1
가봉,Gabon,8.0,5.4,111.0,153.0,0.016757617936375147,-999.0,0.7,85.8,16758,2225734,5000.0,-311.0,8.0,75.0,37298,75.0,279,3.0,32019.0,383.0,277979.0,13.4
파푸아뉴기니,Papua New Guinea,3.1,2.1,143.0,165.0,0.003915156592851433,-999.0,1.6,96.6,3915,8947024,656.0,-207.0,7.0,123.0,35029,123.0,545,3.0,33828.0,327.0,435991.0,5.1
기니,Guinea,12.1,6.6,153.0,149.0,0.002342456423023431,-999.0,1.3,96.6,2342,13132795,651.0,,46.0,,30763,,387,,29725.0,,2558579.0,18.8
벨리즈,Belize,55.7,46.8,66.0,83.5,0.0758623638174374,-999.0,1.9,94.2,75862,397628,1174.0,,10.0,,30165,,570,,28421.0,,403528.0,98.9
토고,Togo,12.4,6.3,150.0,150.0,0.0031696913678967917,-999.0,0.9,98.7,3170,8278724,98.0,,,5.0,26241,5.0,243,,25900.0,5.0,1507722.0,18.7
바베이도스,Barbados,53.4,47.3,57.0,81.0,0.08672640278381905,-999.0,0.9,83.4,86726,287375,3903.0,-474.0,,154.0,24923,154.0,223,,20797.0,628.0,288982.0,100.7
베냉,Benin,2.9,2.5,156.0,161.0,0.0020497888346311206,-999.0,0.6,98.8,2050,12123200,143.0,,5.0,,24850,,161,,24546.0,,383501.0,3.2
세이셸,Seychelles,85.3,81.1,2.0,7.0,0.2358689131341068,-999.0,0.5,97.4,235869,98347,482.0,,,,23197,,125,,22590.0,,178093.0,185.5
소말리아,Somalia,4.5,3.8,161.0,156.0,0.001448164506857074,-999.0,5.8,52.3,1448,15893222,9643.0,,,,23016,,1327,,12046.0,,1139332.0,7.6
바하마,Bahamas,39.2,35.3,81.0,103.0,0.05781143513950626,-999.0,3.0,95.0,57811,393244,459.0,,4.0,,22734,,671,,21604.0,,274502.0,72.0
레소토,Lesotho,28.4,27.9,121.0,116.0,0.010155215383459159,-999.0,3.0,62.8,10155,2142249,7436.0,,,,21755,,662,,13657.0,,617671.0,30.2
모리셔스,Mauritius,72.3,72.2,112.0,33.0,0.016662630291059376,-999.0,2.1,91.1,16663,1271768,1431.0,2.0,,151.0,21191,151.0,455,,19305.0,149.0,1875132.0,148.0
동티모르,Timor-Leste,49.2,33.4,116.0,109.0,0.015034377619089155,-999.0,0.6,99.4,15034,1318445,3.0,-1.0,,,19822,,122,,19697.0,1.0,1068010.0,82.6
콩고공화국,Republic of the Congo,11.3,2.8,146.0,159.5,0.003413683039067706,-999.0,1.9,65.9,3414,5518087,6067.0,,,,18837,,349,,12421.0,,644918.0,14.1
아이슬란드,Iceland,79.9,78.6,87.0,14.0,0.051124858238850324,35.4,0.2,89.8,51125,341243,1746.0,,3.0,,17446,,35,,15665.0,,637380.0,178.5
말리,Mali,3.1,1.6,166.0,168.5,0.000854285845920511,-999.0,3.5,87.4,854,20250833,1583.0,51.0,,81.0,17300,81.0,603,1.0,15114.0,29.0,734759.0,3.8
니카라과,Nicaragua,58.9,33.6,152.0,108.0,0.002589155435973501,-999.0,1.2,24.6,2589,6624554,12718.0,,,,17152,,209,,4225.0,,6033123.0,92.4
타지키스탄,Tajikistan,31.0,26.0,158.0,120.0,0.0017923711775810487,-999.0,0.7,99.2,1792,9537645,5.0,,,,17095,,124,,16966.0,,5291837.0,57.0
안도라,Andorra,71.4,64.3,3.0,53.0,0.21629457063353394,-999.0,0.8,94.4,216295,77265,811.0,,4.0,,16712,,131,,15770.0,,104534.0,135.8
대만,Taiwan,77.0,52.9,169.0,77.0,0.0006964838858325696,-999.0,5.1,82.8,696,23816775,1998.0,10.0,,10.0,16588,10.0,848,,13742.0,,30648404.0,129.8
아루바,Aruba,74.6,69.6,14.0,36.0,0.152782721090984,-999.0,1.1,97.8,152783,106766,183.0,-1.0,11.0,21.0,16312,21.0,174,,15955.0,22.0,161593.0,144.3
부르키나파소,Burkina Faso,2.2,1.5,168.0,170.5,0.0007516047845712966,-999.0,1.8,96.8,752,20903273,219.0,-21.0,,197.0,15711,197.0,281,16.0,15211.0,202.0,661796.0,3.3
브루나이,Brunei,87.5,74.3,97.0,29.0,0.034269073486955945,-999.0,0.6,95.8,34269,437479,528.0,,4.0,,14992,,97,,14367.0,,744337.0,161.8
지부티,Djibouti,6.8,2.4,117.0,162.0,0.013668016194331984,-999.0,1.4,98.4,13668,988000,27.0,,,,13504,,186,,13291.0,,99679.0,9.2
세인트루시아,St. Lucia,30.1,25.6,69.0,122.0,0.07063231441999271,-999.0,2.2,96.9,70632,183627,128.0,7.0,7.0,16.0,12970,16.0,280,,12562.0,9.0,100165.0,55.6
남수단,South Sudan,1.4,1.0,163.0,174.5,0.001136082939325381,-999.0,1.0,97.5,1136,11193725,189.0,,2.0,,12717,,133,,12395.0,,218154.0,1.6
홍콩,Hong Kong,63.0,60.1,159.0,65.0,0.0016576005728172448,-999.0,1.7,97.6,1658,7496981,84.0,1.0,,3.0,12427,3.0,213,,12130.0,2.0,9394395.0,124.9
뉴질랜드,New Zealand,78.6,72.5,155.0,32.0,0.0023350178226560184,-999.0,0.4,50.0,2335,4822233,5582.0,77.0,64.0,146.0,11260,146.0,43,1.0,5635.0,68.0,7462890.0,151.5
맨섬,Isle of Man,80.3,76.2,23.0,23.0,0.13036115390495454,-999.0,0.6,93.5,130361,85033,656.0,92.0,1.0,92.0,11085,92.0,66,,10363.0,,152245.0,179.1
감비아,Gambia,10.1,9.5,140.0,146.0,0.004133377029860949,-999.0,3.4,96.5,4133,2416668,9.0,,3.0,,9989,,342,,9638.0,,268008.0,11.4
예멘,Yemen,1.7,1.1,171.0,173.0,0.0003348424882427941,-999.0,19.5,68.5,335,29825964,1196.0,-11.0,23.0,6.0,9987,6.0,1946,1.0,6845.0,16.0,759220.0,2.4
지브롤터,Gibraltar,120.3,117.1,4.0,1.0,0.2130836128342881,47.2,1.4,92.4,213084,33691,449.0,-127.0,2.0,17.0,7179,17.0,98,,6632.0,144.0,96771.0,284.6
니제르,Niger,2.2,2.0,174.0,166.0,0.0002874417453323972,-999.0,3.7,94.0,287,24206644,163.0,19.0,2.0,25.0,6958,25.0,254,,6541.0,6.0,963041.0,4.1
기니비사우,Guinea-Bissau,19.5,1.0,147.0,174.5,0.0032723560607946845,-999.0,2.3,97.2,3272,1968001,35.0,,,1.0,6440,1.0,146,,6259.0,1.0,365089.0,20.6
시에라리온,Sierra Leone,7.7,3.9,167.0,155.0,0.0008023083413867123,-999.0,1.9,68.6,802,7976983,1886.0,,,,6400,,121,,4393.0,,744826.0,9.5
그레나다,Grenada,36.4,30.8,84.0,113.0,0.052327079797019276,-999.0,3.4,95.5,52327,112523,66.0,4.0,,4.0,5888,4.0,200,,5622.0,,73320.0,67.3
라이베리아,Liberia,10.8,10.0,162.0,144.0,0.0011509227252568914,-999.0,4.9,94.9,1151,5057681,11.0,,2.0,,5821,,287,,5523.0,,589628.0,12.9
산마리노,San Marino,74.8,71.9,9.0,34.0,0.17064041731749727,-999.0,1.6,95.3,170640,33931,178.0,,2.0,,5790,,93,,5519.0,,50850.0,149.6
버뮤다,Bermuda,76.9,75.2,53.0,28.0,0.09200680818266482,8.7,1.8,97.8,92007,62278,21.0,,2.0,,5730,,106,,5603.0,,101341.0,160.9
차드,Chad,1.1,0.4,173.0,176.0,0.0003107903486842458,-999.0,3.4,95.5,311,16425864,56.0,,,,5105,,175,,4874.0,,249651.0,1.6
신트마르턴,Sint Maarten,63.7,58.8,40.0,72.0,0.1067030506577106,-999.0,1.6,97.9,106703,42876,20.0,,10.0,2.0,4575,2.0,75,,4480.0,2.0,51432.0,122.5
코모로,Comoros,31.8,22.7,134.0,126.0,0.005162137578038664,-999.0,3.3,95.2,5162,869601,66.0,,,,4489,,150,,4273.0,,476350.0,54.5
모나코,Monaco,68.4,59.8,48.0,66.0,0.09500025482900973,-999.0,1.0,94.3,95000,39242,175.0,8.0,1.0,23.0,3728,23.0,36,,3517.0,15.0,49980.0,128.2
부탄,Bhutan,79.1,75.7,145.0,25.0,0.0034214264237799503,-999.0,0.1,99.2,3421,771608,17.0,4.0,,4.0,2640,4.0,3,,2620.0,,1153283.0,154.8
앵귈라,Anguilla,66.0,61.1,55.0,62.5,0.08891555022328868,-999.0,0.2,90.5,88916,15003,124.0,,,,1334,,3,,1207.0,,19066.0,127.1
그린란드,Greenland,124.5,65.7,109.0,48.0,0.023463096706006693,-999.0,-,75.9,23463,56770,321.0,,2.0,,1332,,0,,1011.0,,102357.0,179.6
마카오,Macau,70.9,62.8,175.0,56.5,0.00011858285784687411,-999.0,-,100,119,649335,0.0,,,,77,,0,,77.0,,906441.0,133.3
몬트세랫,Montserrat,30.6,28.5,126.0,114.0,0.008814102564102564,-999.0,2.3,93.2,8814,4992,2.0,,,,44,,1,,41.0,,2949.0,59.0
사모아,Samoa,69.0,42.9,177.0,92.0,1.5119900813450663e-05,-999.0,-,100,15,198414,0.0,,,,3,,0,,3.0,,239883.0,119.3
세인트헬레나,St. Helena,72.7,58.9,172.0,71.0,0.0003291097581043278,-999.0,-,100,329,6077,0.0,,,,2,,0,,2.0,,7892.0,131.5
미크로네시아,Micronesia,45.8,-999.0,178.0,178.0,8.693913391234797e-06,-999.0,-,100,9,115023,0.0,,,,1,,0,,1.0,,79401.0,76.3
